wavenumber_cm-1,intensity_normalized
400.0,0.015719035997562567
401.0,0.018345717201150285
402.0,0.020695906679332847
403.0,0.022604127609050277
404.0,0.023954171681702125
405.0,0.024698351253725513
406.0,0.024862673869817123
407.0,0.02453674768848922
408.0,0.023851755710177704
409.0,0.022953247133389247
410.0,0.021976502079828996
411.0,0.021030516663305028
412.0,0.02019303692277273
413.0,0.019515106364985768
414.0,0.019030881486271186
415.0,0.018767919467447842
416.0,0.0187545900118776
417.0,0.01902363223117822
418.0,0.01961277887183507
419.0,0.02056384636958519
420.0,0.02192071693185257
421.0,0.023725128510757667
422.0,0.026008465191377256
423.0,0.0287787583786197
424.0,0.03200480641268274
425.0,0.0356024810184808
426.0,0.03943004809869476
427.0,0.043298130128661315
428.0,0.04699547938777562
429.0,0.05032540471266672
430.0,0.053142169018038164
431.0,0.05537474748371531
432.0,0.05702853300701772
433.0,0.058163205313466866
434.0,0.05885418763305223
435.0,0.05915201533505063
436.0,0.05905536728251904
437.0,0.058508546061313636
438.0,0.057424714330788204
439.0,0.05572611011682657
440.0,0.05338597733085748
441.0,0.050456667487719285
442.0,0.04707417249763064
443.0,0.04343853343904537
444.0,0.039778177630415974
445.0,0.03631087715572141
446.0,0.033213316926547984
447.0,0.030606246338926987
448.0,0.028555585503104955
449.0,0.027084640871417737
450.0,0.02619060644480536
451.0,0.025859824508238538
452.0,0.026079346996201326
453.0,0.026845115126172058
454.0,0.028168108546907294
455.0,0.030078986620271676
456.0,0.03263020265290212
457.0,0.03589393640883344
458.0,0.03995545690871319
459.0,0.04490428831388006
460.0,0.0508280135313995
461.0,0.05781345264974925
462.0,0.06595599833580636
463.0,0.07537093920654998
464.0,0.08619387453753052
465.0,0.09855522700629572
466.0,0.11251976811487395
467.0,0.12799604147330684
468.0,0.14463827451803596
469.0,0.1617771426150444
470.0,0.1784176918505243
471.0,0.19332866947033292
472.0,0.2052199051476584
473.0,0.21297239552051123
474.0,0.2158620113609444
475.0,0.21371299147496844
476.0,0.20693529228239763
477.0,0.19643482470761625
478.0,0.18342470152963228
479.0,0.1691940257880077
480.0,0.15489819407115576
481.0,0.14141975639401067
482.0,0.12931925035490538
483.0,0.11886402307705879
484.0,0.11010205322404082
485.0,0.10294349210517698
486.0,0.09722345634565237
487.0,0.09273775931515676
488.0,0.08925916041649845
489.0,0.086548526764886
490.0,0.08437176632405301
491.0,0.08252357038120607
492.0,0.08084958254395191
493.0,0.07925522973636079
494.0,0.07769393631049254
495.0,0.0761372020914234
496.0,0.07453868717187116
497.0,0.07280877128814803
498.0,0.07081259682204004
499.0,0.0683948326044307
500.0,0.06542283985601594
501.0,0.06183186915019832
502.0,0.05765487685522228
503.0,0.05302571186753563
504.0,0.04815478347621692
505.0,0.04328627418731914
506.0,0.03865149640041977
507.0,0.03443240092052767
508.0,0.03074360399182188
509.0,0.027633636730434636
510.0,0.025099820840629464
511.0,0.023108447196241392
512.0,0.021613046011403462
513.0,0.020567047824533197
514.0,0.019930873716334223
515.0,0.019675715192492064
516.0,0.019786399747609634
517.0,0.020264441039993992
518.0,0.021130928846058716
519.0,0.0224283872250458
520.0,0.0242213175062446
521.0,0.0265960893100189
522.0,0.029660953230329818
523.0,0.03354544046225703
524.0,0.03839562934548205
525.0,0.04435928864697479
526.0,0.05155494523758895
527.0,0.060023048989031526
528.0,0.0696653796257678
529.0,0.08018809521583231
530.0,0.09107013740207835
531.0,0.10157795752593629
532.0,0.1108378278525634
533.0,0.11796019368322538
534.0,0.12219206404394424
535.0,0.12306048981441145
536.0,0.12046856508502987
537.0,0.11471683906760591
538.0,0.10644407373302937
539.0,0.09650448910754947
540.0,0.08581567157134071
541.0,0.07521644891438116
542.0,0.06536639950341655
543.0,0.056702303181368985
544.0,0.04944859889746704
545.0,0.04366531875300107
546.0,0.039311633777060755
547.0,0.036305788592142806
548.0,0.034569513107445715
549.0,0.03405272241670133
550.0,0.034739381411326826
551.0,0.036637125345963424
552.0,0.039753077399440284
553.0,0.044058635157592396
554.0,0.04944835848136311
555.0,0.05570212775581982
556.0,0.06246322922804482
557.0,0.06924503890520142
558.0,0.07547362636664981
559.0,0.08056341285275315
560.0,0.08401119482232194
561.0,0.0854851117015145
562.0,0.08488364917551915
563.0,0.08234704610107256
564.0,0.07821742374186558
565.0,0.07295956326802465
566.0,0.06706566658557725
567.0,0.06097048201648344
568.0,0.05499714662981698
569.0,0.04934190184972318
570.0,0.04409257338374759
571.0,0.03926635085909057
572.0,0.03484977852639678
573.0,0.030827750117580256
574.0,0.027195949390213622
575.0,0.02395887617318327
576.0,0.021120361479920087
577.0,0.01867415377295709
578.0,0.01659954372154171
579.0,0.014863068936485788
580.0,0.013424157260940246
581.0,0.012241337675586507
582.0,0.011276394111570576
583.0,0.010495659443951186
584.0,0.009869353256754877
585.0,0.009370608106831813
586.0,0.008975438772447445
587.0,0.008663849393206658
588.0,0.0084212812004038
589.0,0.008239259039534916
590.0,0.008114536081749231
591.0,0.008046938804535586
592.0,0.008036915600916433
593.0,0.008084018869159007
594.0,0.00818707443860291
595.0,0.00834588866182808
596.0,0.008563528136646422
597.0,0.00884794714173801
598.0,0.009212190735354947
599.0,0.009673319637132633
600.0,0.010251061527629265
601.0,0.010967478560068813
602.0,0.011848451013873102
603.0,0.012926767668606166
604.0,0.014245687767033902
605.0,0.015861613372336488
606.0,0.017845214270670904
607.0,0.02028158615559845
608.0,0.023270881418611743
609.0,0.026930360473560074
610.0,0.03139659205879371
611.0,0.03682328564763527
612.0,0.04336773714602729
613.0,0.05115927708349195
614.0,0.06024784646457128
615.0,0.0705394453454975
616.0,0.08173496109385396
617.0,0.09329543750273399
618.0,0.10445599232782452
619.0,0.11430043319373248
620.0,0.12189106591212825
621.0,0.12642885418131425
622.0,0.12740537454980427
623.0,0.12470599905577422
624.0,0.1186353368059784
625.0,0.10985771835738241
626.0,0.09926979171623285
627.0,0.0878404552424356
628.0,0.07645929153858043
629.0,0.06582727287928386
630.0,0.056406765348849516
631.0,0.04842876272124314
632.0,0.041940679355852516
633.0,0.036871907759491604
634.0,0.033096715268209044
635.0,0.03048172730864409
636.0,0.028913838040447244
637.0,0.02831046452959817
638.0,0.028616407640061712
639.0,0.02979120148587196
640.0,0.03178984241102886
641.0,0.03453995562265
642.0,0.037920135902234337
643.0,0.04174617985972064
644.0,0.04577223168211356
645.0,0.049711021495157576
646.0,0.05327149729328962
647.0,0.05620519909089288
648.0,0.058347757982441906
649.0,0.05964162857239852
650.0,0.060131478786406026
651.0,0.0599329695700282
652.0,0.05918536776786899
653.0,0.05800449178045764
654.0,0.05645222241215353
655.0,0.05453221716898919
656.0,0.05221126445624433
657.0,0.04945613594349198
658.0,0.04627068573107238
659.0,0.04271908924820011
660.0,0.038927570772186386
661.0,0.03506566580801631
662.0,0.03131531249380571
663.0,0.027839201274159522
664.0,0.024758216805183125
665.0,0.02214289877225688
666.0,0.020018170978459773
667.0,0.01837652503459355
668.0,0.017193610191193635
669.0,0.016441500681937317
670.0,0.016097447616573782
671.0,0.016148123753172046
672.0,0.01659028984208538
673.0,0.01742849160316941
674.0,0.018669676036847275
675.0,0.02031452050908044
676.0,0.022346325115632962
677.0,0.02472017061934867
678.0,0.027356577514214084
679.0,0.03014384612045601
680.0,0.03295095787619555
681.0,0.035648868515862527
682.0,0.03813383814803027
683.0,0.04034419682102437
684.0,0.04226315627019252
685.0,0.04390502687825371
686.0,0.045288852867771325
687.0,0.04640926935135412
688.0,0.047216613806277424
689.0,0.04761566192849441
690.0,0.04748558218146854
691.0,0.04671547509710264
692.0,0.045243589685193084
693.0,0.04308661949518538
694.0,0.04034904191342298
695.0,0.03720970717519961
696.0,0.03389076123776141
697.0,0.03061937650919117
698.0,0.027593827956800293
699.0,0.024962317299161464
700.0,0.022817444942187737
701.0,0.021203883248109047
702.0,0.020133627925635632
703.0,0.019602875820259436
704.0,0.019606357524138546
705.0,0.02014729546867317
706.0,0.02124264732034116
707.0,0.022923411406825498
708.0,0.025229100293979647
709.0,0.028195280781986496
710.0,0.03183440478828053
711.0,0.03611311254309205
712.0,0.040932606523211845
713.0,0.0461205687424308
714.0,0.051441613052005744
715.0,0.0566279369889763
716.0,0.061424121238140304
717.0,0.0656330065391478
718.0,0.0691467162186296
719.0,0.07195032484145687
720.0,0.07409491811168914
721.0,0.07564857863269511
722.0,0.07664331556483552
723.0,0.07703881861429997
724.0,0.07671843917126457
725.0,0.07552083144233405
726.0,0.0732969735999531
727.0,0.06997243638015493
728.0,0.06559275130017102
729.0,0.06033617358563473
730.0,0.054490129022607435
731.0,0.0484001655445328
732.0,0.04240845630623961
733.0,0.03680017742133588
734.0,0.03177083989731866
735.0,0.02741883387277899
736.0,0.023758924643606006
737.0,0.02074729379849953
738.0,0.01830808374000257
739.0,0.01635439122561061
740.0,0.01480114060338587
741.0,0.013571054981169938
742.0,0.012596719931890559
743.0,0.011821425630669189
744.0,0.011199971642334019
745.0,0.010699129465512663
746.0,0.010296844584177728
747.0,0.009979688969988436
748.0,0.009739074770698148
749.0,0.009567568555713021
750.0,0.009456741144206157
751.0,0.009397264393037005
752.0,0.009380823955561172
753.0,0.009402493771922685
754.0,0.009462027696525982
755.0,0.009563176374614917
756.0,0.009711283026995296
757.0,0.00991042850188184
758.0,0.010161723273710318
759.0,0.010463785382090656
760.0,0.010815280562939702
761.0,0.011218257572182795
762.0,0.011680528929529678
763.0,0.012215835674851416
764.0,0.01284178628730769
765.0,0.01357692916808037
766.0,0.014439047519140793
767.0,0.015446398797089964
768.0,0.016622285866953697
769.0,0.018001736545453482
770.0,0.019638094206603632
771.0,0.021607591853884493
772.0,0.024011372616800235
773.0,0.026976017605324688
774.0,0.03065416195841854
775.0,0.03522532384796439
776.0,0.040893861949730013
777.0,0.04787761652805501
778.0,0.056379747590752816
779.0,0.0665396832015352
780.0,0.0783672828094604
781.0,0.09167501015370402
782.0,0.10603150728395244
783.0,0.12076131731988721
784.0,0.13500647072497188
785.0,0.14784727164144965
786.0,0.15845767731088123
787.0,0.16625389919170996
788.0,0.170991341947926
789.0,0.1727781881195499
790.0,0.1720003825493722
791.0,0.169182897044867
792.0,0.16483405514407717
793.0,0.15932432955802098
794.0,0.15283637176429918
795.0,0.14539513907800453
796.0,0.13695731388591437
797.0,0.1275195562537939
798.0,0.11720251448965054
799.0,0.10628145158439183
800.0,0.09515761645154967
801.0,0.08428685419147432
802.0,0.07409480683681051
803.0,0.06490787224903723
804.0,0.05691817744137553
805.0,0.05018545927010548
806.0,0.044665844814586256
807.0,0.04025158726197471
808.0,0.03680747277074871
809.0,0.034196153846893215
810.0,0.03229193490374223
811.0,0.030987134349601805
812.0,0.030195824198081662
813.0,0.029857512937733883
814.0,0.029940451722761153
815.0,0.030442764202770315
816.0,0.03139026332546841
817.0,0.03283179603549277
818.0,0.03483452472018615
819.0,0.03748125679485894
820.0,0.04086958505157587
821.0,0.045109550615533005
822.0,0.05031500194934471
823.0,0.05658556516241538
824.0,0.06398120973829549
825.0,0.07249763046995426
826.0,0.08205444593954424
827.0,0.0925062415986772
828.0,0.10367785201823793
829.0,0.11541266023306662
830.0,0.12761182857634532
831.0,0.140239692730341
832.0,0.15327985552695295
833.0,0.16664634150895022
834.0,0.18007735515654172
835.0,0.1930553459655766
836.0,0.2047972203154793
837.0,0.21433968804267792
838.0,0.22071228397158377
839.0,0.22315679401894525
840.0,0.22133068174277248
841.0,0.21543314609817968
842.0,0.20621597831089433
843.0,0.19487812804563312
844.0,0.18287798723889842
845.0,0.17171720692876932
846.0,0.1627480927606982
847.0,0.1570369107041782
848.0,0.1552890639499273
849.0,0.1578221323759622
850.0,0.16456749124803322
851.0,0.17509025888782784
852.0,0.18863222320562925
853.0,0.2041914995115826
854.0,0.2206476725999063
855.0,0.2369220964335365
856.0,0.25213890079470164
857.0,0.26573695259070185
858.0,0.2774880540419231
859.0,0.2874045533771611
860.0,0.2955612562253965
861.0,0.3018946389265329
862.0,0.3060588580799851
863.0,0.3074030603932875
864.0,0.3050917041622596
865.0,0.2983353709299997
866.0,0.28665595991100995
867.0,0.2700951985610032
868.0,0.24929494165113472
869.0,0.2254231638910058
870.0,0.19997205037435847
871.0,0.17449372008454878
872.0,0.1503515715754247
873.0,0.128549675755233
874.0,0.10966880992437811
875.0,0.09390092579317343
876.0,0.08114778560313321
877.0,0.07114101319206315
878.0,0.06354841215833751
879.0,0.058047724914584466
880.0,0.05436523254469661
881.0,0.052286606981985395
882.0,0.05164980192559859
883.0,0.05232716988575601
884.0,0.05420073332584527
885.0,0.05713382194903654
886.0,0.06094453390592698
887.0,0.06538942590913249
888.0,0.07016619498755994
889.0,0.07493976577455404
890.0,0.07938774885845683
891.0,0.08325206405085732
892.0,0.08637823307339752
893.0,0.08872589184074167
894.0,0.09034374343586336
895.0,0.09131604865921202
896.0,0.09170000883302001
897.0,0.0914784325632358
898.0,0.09054720153168133
899.0,0.08874389368213033
900.0,0.08590784204746894
901.0,0.08194960838330041
902.0,0.07690437031853561
903.0,0.0709502221882895
904.0,0.06438578974386994
905.0,0.05757609502401319
906.0,0.050885509990973146
907.0,0.044618593001529774
908.0,0.0389838981916617
909.0,0.03408580817585423
910.0,0.029939606855329707
911.0,0.02649905073955024
912.0,0.023685023931487987
913.0,0.021407451902949223
914.0,0.01957796512150843
915.0,0.018115198423296733
916.0,0.016946505696509916
917.0,0.016009211055004396
918.0,0.015252459635850816
919.0,0.01463881361630233
920.0,0.01414405330674699
921.0,0.013754370222053275
922.0,0.01346161930588428
923.0,0.013258514397936296
924.0,0.013135831796884373
925.0,0.01308270647277889
926.0,0.013089511768884498
927.0,0.013151492652642038
928.0,0.013271003710552308
929.0,0.01345706389985228
930.0,0.013722515800155771
931.0,0.014080512409345082
932.0,0.014542563954428047
933.0,0.015119672701021707
934.0,0.01582654176913082
935.0,0.016687313892312556
936.0,0.01774063652105772
937.0,0.019042429093407358
938.0,0.020666164836736806
939.0,0.022701793537918076
940.0,0.025254579380283804
941.0,0.028443667955273047
942.0,0.03239772776949011
943.0,0.037243077399925356
944.0,0.04308010312617477
945.0,0.049947499211044216
946.0,0.057780272965421056
947.0,0.06637407925448377
948.0,0.07537181532613928
949.0,0.08428564472915002
950.0,0.09255813644717786
951.0,0.09965256584652048
952.0,0.10514977031760506
953.0,0.1088229923935389
954.0,0.11066649379093015
955.0,0.11086788529708608
956.0,0.10973319863557995
957.0,0.10759026684521177
958.0,0.10470315677933734
959.0,0.10122513759467511
960.0,0.09720213588476605
961.0,0.09261931065108406
962.0,0.08746818744973153
963.0,0.08180653548297034
964.0,0.07578913271522177
965.0,0.06966121998016711
966.0,0.06372139680149166
967.0,0.058270756945777956
968.0,0.05356689532984999
969.0,0.04979573500945183
970.0,0.04706476491772089
971.0,0.04541302487879281
972.0,0.04482936817650745
973.0,0.04527169812083041
974.0,0.04668389327543071
975.0,0.04901074215700697
976.0,0.052211958861773114
977.0,0.05627400886951198
978.0,0.06121509984290663
979.0,0.06707739469908884
980.0,0.07390349556900905
981.0,0.08170124124808224
982.0,0.09040875200310688
983.0,0.09987582117954345
984.0,0.10987448234293994
985.0,0.12014045541722107
986.0,0.13043206630340884
987.0,0.14058111954272484
988.0,0.15050806376693543
989.0,0.160184925725807
990.0,0.16955112863519056
991.0,0.178410977170432
992.0,0.18635644345215072
993.0,0.19275670832682046
994.0,0.1968353876573921
995.0,0.1978244325558331
996.0,0.19515296611551966
997.0,0.1886127079749302
998.0,0.17844649412362334
999.0,0.16533112914279086
1000.0,0.15026056597045534
1001.0,0.13436653810723317
1002.0,0.11872981638097961
1003.0,0.1042316842343141
1004.0,0.0914756960038422
1005.0,0.0807837592670292
1006.0,0.07224860481006247
1007.0,0.06581382517584414
1008.0,0.061354057065803186
1009.0,0.05873747847899326
1010.0,0.05786414396691051
1011.0,0.05868146764729806
1012.0,0.06118053249147142
1013.0,0.0653757008856392
1014.0,0.07126900284053439
1015.0,0.07880303214571475
1016.0,0.0878118082052113
1017.0,0.09798525335287542
1018.0,0.10886490532163746
1019.0,0.11988262677331957
1020.0,0.13044039809348312
1021.0,0.1400122775230813
1022.0,0.14823675039809875
1023.0,0.15496600889122805
1024.0,0.16025109059215228
1025.0,0.16426485742397018
1026.0,0.16718962459187717
1027.0,0.16911212493283362
1028.0,0.16996779095793219
1029.0,0.16955836676460864
1030.0,0.16763860591541446
1031.0,0.16404100205520408
1032.0,0.15879333668985138
1033.0,0.15218785503033128
1034.0,0.1447805183045667
1035.0,0.13732474137196965
1036.0,0.13066487172480842
1037.0,0.12562225406260835
1038.0,0.12289983405899649
1039.0,0.1230156923419598
1040.0,0.1262611140858563
1041.0,0.13267279419718309
1042.0,0.14201391555429152
1043.0,0.15377066807790302
1044.0,0.16718050374757273
1045.0,0.1813078009963679
1046.0,0.1951687906659534
1047.0,0.2078853566337711
1048.0,0.21882734822480598
1049.0,0.22769680597968414
1050.0,0.23452120576184296
1051.0,0.23955343965597753
1052.0,0.24311194949872328
1053.0,0.24541955590622186
1054.0,0.24650192808434573
1055.0,0.24618379801907433
1056.0,0.24418182997987742
1057.0,0.24025413066249734
1058.0,0.23434453034539934
1059.0,0.2266641836662124
1060.0,0.21768109870938454
1061.0,0.20802682878114517
1062.0,0.1983615243360595
1063.0,0.18925053436827902
1064.0,0.1810942951783561
1065.0,0.17412571301071203
1066.0,0.16845965070067176
1067.0,0.1641610403131072
1068.0,0.16129827387794649
1069.0,0.15996405262465713
1070.0,0.16026663859011925
1071.0,0.16230866213614317
1072.0,0.1661711241351146
1073.0,0.17190805427747766
1074.0,0.1795409536771447
1075.0,0.18903287175443145
1076.0,0.20022739800698144
1077.0,0.21275752263436531
1078.0,0.22595421711779662
1079.0,0.23880124245378928
1080.0,0.2499799620723586
1081.0,0.2580230786719864
1082.0,0.26155715671251256
1083.0,0.259576195493764
1084.0,0.25166885173563497
1085.0,0.23812981199785188
1086.0,0.21991944994699666
1087.0,0.1984826211088025
1088.0,0.1754793957197652
1089.0,0.15250246268845843
1090.0,0.13085148120563403
1091.0,0.11140823712174007
1092.0,0.09462036785173888
1093.0,0.08056982641516952
1094.0,0.06908524214078066
1095.0,0.059857555650940635
1096.0,0.052531347857615804
1097.0,0.0467619294437926
1098.0,0.042242675344058664
1099.0,0.038713941558293975
1100.0,0.03596425442363221
1101.0,0.0338295641637975
1102.0,0.032191309048928717
1103.0,0.030971656870805008
1104.0,0.030125075445996068
1105.0,0.029627854394152154
1106.0,0.02946915983221838
1107.0,0.029647131301314685
1108.0,0.03017138188616217
1109.0,0.031070340210653375
1110.0,0.03239993051101427
1111.0,0.0342502119549415
1112.0,0.03674850572312327
1113.0,0.04005968510762312
1114.0,0.04438480467513323
1115.0,0.049957127422255776
1116.0,0.05703071315401395
1117.0,0.06585365141894316
1118.0,0.07661893388295082
1119.0,0.08939276315831213
1120.0,0.10403178154108995
1121.0,0.12011295724623243
1122.0,0.13690642562092267
1123.0,0.1534170637402602
1124.0,0.16850355416830606
1125.0,0.1810584314625754
1126.0,0.1902082094946919
1127.0,0.19547962526576224
1128.0,0.19688336664320197
1129.0,0.19489024541680083
1130.0,0.19030856336102067
1131.0,0.18410240312029974
1132.0,0.17720644179813475
1133.0,0.17038759120815125
1134.0,0.1641803829963697
1135.0,0.1588923204166456
1136.0,0.1546508845224382
1137.0,0.1514554488110006
1138.0,0.14920700230709133
1139.0,0.14770979687088892
1140.0,0.1466603286195835
1141.0,0.14564968771121858
1142.0,0.14420037026257895
1143.0,0.1418411647487907
1144.0,0.13820281147191027
1145.0,0.13310331109948925
1146.0,0.12659184382722657
1147.0,0.11893427437316974
1148.0,0.11054469189135076
1149.0,0.10188676993802127
1150.0,0.09337780996441958
1151.0,0.08532409582525055
1152.0,0.07790159545813338
1153.0,0.07117817751377438
1154.0,0.06515997853381654
1155.0,0.05984008196537176
1156.0,0.055232389891664166
1157.0,0.051383650029968995
1158.0,0.04836659734347756
1159.0,0.046262784099088204
1160.0,0.04514357860009746
1161.0,0.04505379127789626
1162.0,0.04599791182147205
1163.0,0.047927088131694336
1164.0,0.05072675685167067
1165.0,0.054208758885882884
1166.0,0.05811481298063483
1167.0,0.062137603147016884
1168.0,0.06596062862152055
1169.0,0.06931015088818274
1170.0,0.07200572055751381
1171.0,0.0739936168225152
1172.0,0.07535188341733154
1173.0,0.07626520501264519
1174.0,0.07697862605650276
1175.0,0.07774615954042378
1176.0,0.07879027721181371
1177.0,0.08028106107924922
1178.0,0.08233293552356045
1179.0,0.08500787888648131
1180.0,0.088311616428544
1181.0,0.09217511191366408
1182.0,0.09642508798924536
1183.0,0.10075856601673765
1184.0,0.10474135945050966
1185.0,0.10784558964641035
1186.0,0.10952772254873881
1187.0,0.10933179108647344
1188.0,0.10698975994001114
1189.0,0.10248832851170586
1190.0,0.09608052320553634
1191.0,0.0882378127692086
1192.0,0.07955729586235949
1193.0,0.07065147689765286
1194.0,0.062050755694168874
1195.0,0.054140996411943726
1196.0,0.04714449328248761
1197.0,0.04113833530906261
1198.0,0.03609480549529902
1199.0,0.031926419330761194
1200.0,0.028522569878568233
1201.0,0.025772245241401186
1202.0,0.02357417382315417
1203.0,0.02183948984105435
1204.0,0.020492074497113242
1205.0,0.01946936951219571
1206.0,0.018723705571203647
1207.0,0.01822268940782626
1208.0,0.01794749041142776
1209.0,0.01788934629022692
1210.0,0.018046050162842085
1211.0,0.0184205538951502
1212.0,0.019022859845210415
1213.0,0.01987467979941071
1214.0,0.021014979336075212
1215.0,0.022504344755725523
1216.0,0.024427176663666235
1217.0,0.026892203944969936
1218.0,0.03003244269491737
1219.0,0.03400456299952963
1220.0,0.03898483837923097
1221.0,0.045155942749217394
1222.0,0.05267813444432901
1223.0,0.06164174300957393
1224.0,0.07200555285710707
1225.0,0.08353540990912944
1226.0,0.09576490335606894
1227.0,0.10800070291829374
1228.0,0.11938645168706281
1229.0,0.12902224084949887
1230.0,0.13611695157764298
1231.0,0.14013583647293462
1232.0,0.14090246412683954
1233.0,0.13862525141007953
1234.0,0.13384110269776706
1235.0,0.1272940923346147
1236.0,0.11978598882907089
1237.0,0.11204065595171307
1238.0,0.10461462302558112
1239.0,0.09786625032330604
1240.0,0.09197464216402587
1241.0,0.08698533595369567
1242.0,0.08285747781956279
1243.0,0.07949572799496607
1244.0,0.07676393046953266
1245.0,0.07448942712023203
1246.0,0.07247146358244928
1247.0,0.07050323443264501
1248.0,0.06840780440337298
1249.0,0.06607879348748714
1250.0,0.06351216781806844
1251.0,0.06081772088090639
1252.0,0.05820627553546214
1253.0,0.05595724087653853
1254.0,0.054376666722270685
1255.0,0.053756090647545544
1256.0,0.05433803739533853
1257.0,0.056288219040539905
1258.0,0.05967108620059019
1259.0,0.06442661666742622
1260.0,0.07035143869037062
1261.0,0.07709326251982015
1262.0,0.08416988328634879
1263.0,0.09101988337616379
1264.0,0.09708198457762043
1265.0,0.10188762922656643
1266.0,0.10514254909236012
1267.0,0.10677270705955115
1268.0,0.10691953012985675
1269.0,0.10588573109664062
1270.0,0.1040497470463737
1271.0,0.10177684598087011
1272.0,0.09935394483997628
1273.0,0.09696366823967525
1274.0,0.09469636812447137
1275.0,0.09258420876178927
1276.0,0.09063526635256355
1277.0,0.08885005609369125
1278.0,0.08721514703419184
1279.0,0.08568224054558542
1280.0,0.0841495931475652
1281.0,0.08246209265833977
1282.0,0.08043729768443292
1283.0,0.077911963842644
1284.0,0.07479323489963216
1285.0,0.07109556146862223
1286.0,0.06694969761523269
1287.0,0.06258104944597583
1288.0,0.058266062334388725
1289.0,0.05428228094669934
1290.0,0.05086771795983237
1291.0,0.04819913172035362
1292.0,0.04639025716948433
1293.0,0.045504122352040564
1294.0,0.04557103471229167
1295.0,0.04660573292568275
1296.0,0.04862130150912457
1297.0,0.05164058603663294
1298.0,0.055705885629750755
1299.0,0.06088479311319063
1300.0,0.06726663297773322
1301.0,0.0749433382775923
1302.0,0.08397295778824528
1303.0,0.09433259874159043
1304.0,0.10587669275357753
1305.0,0.1183206572682658
1306.0,0.13126514961029528
1307.0,0.1442619159612993
1308.0,0.15690347407789762
1309.0,0.16890389023291238
1310.0,0.18013503449634774
1311.0,0.19059587966008065
1312.0,0.20031842009175674
1313.0,0.20924263031593787
1314.0,0.21711171055286493
1315.0,0.22343784945987727
1316.0,0.2275661201261953
1317.0,0.22882782866948959
1318.0,0.22673926212867634
1319.0,0.2211822440615798
1320.0,0.21250758622090135
1321.0,0.2015293481521731
1322.0,0.18941521033391898
1323.0,0.17751059312760842
1324.0,0.1671489635875857
1325.0,0.15949431967565567
1326.0,0.15544021867159952
1327.0,0.15556517831692535
1328.0,0.16012873051718052
1329.0,0.1690913914105939
1330.0,0.18215202813759873
1331.0,0.1988076908960634
1332.0,0.21844339442685048
1333.0,0.24044779029458047
1334.0,0.26432970423414126
1335.0,0.2897924916029662
1336.0,0.31672207532485797
1337.0,0.3450678744543833
1338.0,0.37463883261498615
1339.0,0.40488240396817415
1340.0,0.4347401467752018
1341.0,0.4626623626899318
1342.0,0.4868140021199856
1343.0,0.5054314008590677
1344.0,0.5172238832786606
1345.0,0.5216856355611574
1346.0,0.5192072707118007
1347.0,0.5109462962114694
1348.0,0.4985035097783133
1349.0,0.48352148410685675
1350.0,0.46734274247998986
1351.0,0.45083103463906266
1352.0,0.43438598527899913
1353.0,0.41810258266802697
1354.0,0.4019767019389521
1355.0,0.38605560900945335
1356.0,0.3704748130561926
1357.0,0.35538644865039787
1358.0,0.3408384200434333
1359.0,0.3266837597654687
1360.0,0.3125796553889482
1361.0,0.29808821126080803
1362.0,0.2828406917962077
1363.0,0.2666974150458999
1364.0,0.24983856362584955
1365.0,0.2327526863152318
1366.0,0.21613266930789787
1367.0,0.20072306330931136
1368.0,0.187173842914284
1369.0,0.1759421508644758
1370.0,0.16725521678064698
1371.0,0.1611199570965772
1372.0,0.15735084773701827
1373.0,0.15559210910862117
1374.0,0.1553278202466618
1375.0,0.1558928055139762
1376.0,0.15650662191687228
1377.0,0.15634720228576024
1378.0,0.15466250730708336
1379.0,0.15089726196764608
1380.0,0.14479844378149306
1381.0,0.13646472623917952
1382.0,0.12632146448546977
1383.0,0.1150270898329552
1384.0,0.10333869854589407
1385.0,0.09197547604770916
1386.0,0.08151500766809723
1387.0,0.07234242325992075
1388.0,0.06465298211621119
1389.0,0.058493048768051524
1390.0,0.0538174962629683
1391.0,0.05054387022962953
1392.0,0.04859165918280393
1393.0,0.04790363938350511
1394.0,0.04845151746941763
1395.0,0.05022888571604538
1396.0,0.05323266577939464
1397.0,0.057433001782561395
1398.0,0.06273349224020097
1399.0,0.06892885918475454
1400.0,0.07567311924693876
1401.0,0.08247411934474302
1402.0,0.08872677023451762
1403.0,0.09378703716385775
1404.0,0.09707476216188336
1405.0,0.09818114627128154
1406.0,0.09695168676387281
1407.0,0.09352042041489507
1408.0,0.08828520163658614
1409.0,0.08183139212890346
1410.0,0.07482607784834143
1411.0,0.06791138849882469
1412.0,0.06162190957930243
1413.0,0.05633996415657695
1414.0,0.05228894121260671
1415.0,0.04955437288817507
1416.0,0.04811843957409556
1417.0,0.047895934596641064
1418.0,0.04876548845248845
1419.0,0.05059504475784515
1420.0,0.053262362555299037
1421.0,0.056669430136228965
1422.0,0.06074638752077592
1423.0,0.06543925398839642
1424.0,0.07067888364171616
1425.0,0.07633600418906623
1426.0,0.08217595417139675
1427.0,0.08783225605417623
1428.0,0.0928165724466741
1429.0,0.09657288378894514
1430.0,0.0985686910525408
1431.0,0.098401378347364
1432.0,0.09588974298858553
1433.0,0.09112295195872519
1434.0,0.08445145914354604
1435.0,0.07642221458620753
1436.0,0.06767710702980123
1437.0,0.05884299286681401
1438.0,0.050441040297992096
1439.0,0.04283372292522255
1440.0,0.03621407870924331
1441.0,0.03062925353797774
1442.0,0.026022997714606942
1443.0,0.022281066638010882
1444.0,0.019268014417246862
1445.0,0.016850639567436487
1446.0,0.014909258028186016
1447.0,0.01334114379668237
1448.0,0.012060649230218183
1449.0,0.010998758348071054
1450.0,0.010102683982787353
1451.0,0.009334802990427252
1452.0,0.008670147359321353
1453.0,0.008092475329038848
1454.0,0.0075898860209981074
1455.0,0.007151351799614449
1456.0,0.006765182224239167
1457.0,0.006419534427386275
1458.0,0.006104158990625382
1459.0,0.005812102240068226
1460.0,0.0055402818214337025
1461.0,0.005288562688780935
1462.0,0.005057789001456943
1463.0,0.004847752343771914
1464.0,0.004656063114233542
1465.0,0.0044783910058690665
1466.0,0.004309839617459638
1467.0,0.004146681991561698
1468.0,0.003987562171492023
1469.0,0.003833592468361869
1470.0,0.003687355811490635
1471.0,0.003551355565225387
1472.0,0.0034266848273283657
1473.0,0.0033125236191991815
1474.0,0.00320662408008077
1475.0,0.0031064504999628283
1476.0,0.0030103474491949243
1477.0,0.0029181452936117443
1478.0,0.002830937546283069
1479.0,0.00275019909903566
1480.0,0.0026767364862173245
1481.0,0.002610018267274355
1482.0,0.0025482126121011447
1483.0,0.002488885455543083
1484.0,0.0024299800268696237
1485.0,0.002370570656182831
1486.0,0.0023110148847744075
1487.0,0.002252442114735407
1488.0,0.002195851684835112
1489.0,0.0021412827828838758
1490.0,0.0020874755012683837
1491.0,0.002032196143651739
1492.0,0.0019730772901314438
1493.0,0.0019085820002728402
1494.0,0.0018386532838697755
1495.0,0.0017647684471705303
1496.0,0.001689398114012347
1497.0,0.001615133980236527
1498.0,0.0015438760460455116
1499.0,0.0014764101856406871
1500.0,0.0014125023132680718
1501.0,0.0013513924719000868
1502.0,0.0012924066915973294
1503.0,0.001235386194869826
1504.0,0.0011807569685173879
1505.0,0.001129256044558144
1506.0,0.001081495645094213
1507.0,0.0010376068175743701
1508.0,0.0009971412682233999
1509.0,0.000959265688292956
1510.0,0.0009231344040556749
1511.0,0.0008882463209321858
1512.0,0.0008546140611309863
1513.0,0.0008226778339875365
1514.0,0.0007930260773995693
1515.0,0.0007660738426997
1516.0,0.000741857729165641
1517.0,0.0007200351866460872
1518.0,0.0007000670576317943
1519.0,0.0006814720259476484
1520.0,0.0006640138000326197
1521.0,0.0006477263125464189
1522.0,0.0006327723949374066
1523.0,0.0006192194801386112
1524.0,0.0006068576541409522
1525.0,0.0005951618033463658
1526.0,0.0005834250280371314
1527.0,0.0005710039316702862
1528.0,0.0005575611886456739
1529.0,0.0005431930949977322
1530.0,0.0005283865258878988
1531.0,0.0005138313471990821
1532.0,0.0005001805436185917
1533.0,0.00048787018974082695
1534.0,0.000477077943218853
1535.0,0.00046783113700817904
1536.0,0.0004602082407323
1537.0,0.00045454232533013685
1538.0,0.00045154577129812907
1539.0,0.0004523212774878308
1540.0,0.00045827738451146573
1541.0,0.0004709976107801991
1542.0,0.0004921058248254025
1543.0,0.0005231345167190781
1544.0,0.0005653639542137644
1545.0,0.0006195895914078874
1546.0,0.0006858089805454911
1547.0,0.0007628878603482557
1548.0,0.0008483331749202819
1549.0,0.0009383245906204473
1550.0,0.0010281062024300107
1551.0,0.0011127211267682791
1552.0,0.0011879263709813352
1553.0,0.0012510191746384805
1554.0,0.0013012968610783852
1555.0,0.0013399798183480987
1556.0,0.0013696177572459147
1557.0,0.0013931957255963199
1558.0,0.0014132711995980445
1559.0,0.001431451076359091
1560.0,0.0014483626284066743
1561.0,0.001464052823791214
1562.0,0.0014785661275533149
1563.0,0.001492387877872434
1564.0,0.0015065278270828596
1565.0,0.0015222132331459224
1566.0,0.0015403668933754375
1567.0,0.0015611602298051083
1568.0,0.0015838968907146717
1569.0,0.0016073145004341593
1570.0,0.0016301748567340713
1571.0,0.0016518564036474318
1572.0,0.0016726490181667914
1573.0,0.0016935912181663846
1574.0,0.0017159169488250733
1575.0,0.0017403801095935742
1576.0,0.0017667968645784645
1577.0,0.0017940479486391772
1578.0,0.0018205598560402296
1579.0,0.0018450439819965745
1580.0,0.001867136916128873
1581.0,0.001887624436750456
1582.0,0.0019081310790348854
1583.0,0.0019304200811654762
1584.0,0.001955644152039021
1585.0,0.001983915728226657
1586.0,0.002014408314146485
1587.0,0.0020459336722862508
1588.0,0.0020776961519079896
1589.0,0.0021098299183045584
1590.0,0.00214342977426225
1591.0,0.0021800432584663768
1592.0,0.002220873148246576
1593.0,0.002266101244632301
1594.0,0.0023146988485085542
1595.0,0.0023648524468711405
1596.0,0.0024148195330964527
1597.0,0.002463797717996593
1598.0,0.0025123631526981034
1599.0,0.002562234514601207
1600.0,0.0026154533645303037
1601.0,0.002673374633974905
1602.0,0.0027359754665874643
1603.0,0.002801849559047794
1604.0,0.002868918547776386
1605.0,0.0029355253493899528
1606.0,0.003001363410336678
1607.0,0.0030677558726807126
1608.0,0.0031371112553328783
1609.0,0.0032117984387563647
1610.0,0.003292994420764154
1611.0,0.003380098687419399
1612.0,0.0034710443654691592
1613.0,0.003563389575869821
1614.0,0.003655663741725011
1615.0,0.003748285612851589
1616.0,0.00384355668424349
1617.0,0.003944686791125562
1618.0,0.004054307828524597
1619.0,0.004173221192985169
1620.0,0.004300043558030136
1621.0,0.004431985615074448
1622.0,0.004566422810823201
1623.0,0.00470248614824133
1624.0,0.004841846797051882
1625.0,0.004988240836616092
1626.0,0.005145911583752424
1627.0,0.005317723747470997
1628.0,0.0055039221517036285
1629.0,0.005702231472749277
1630.0,0.005909335062239215
1631.0,0.006123050039609294
1632.0,0.00634410607940619
1633.0,0.006576572988847092
1634.0,0.0068266330431539755
1635.0,0.007100251915328113
1636.0,0.007400929442487083
1637.0,0.007728759828567122
1638.0,0.008081431034921246
1639.0,0.008456814070112091
1640.0,0.008855927101827985
1641.0,0.009284780100636006
1642.0,0.009754113740067063
1643.0,0.010277138189730035
1644.0,0.010866518148772493
1645.0,0.011532430262592907
1646.0,0.012283176651626947
1647.0,0.013128682206755901
1648.0,0.014085799349518391
1649.0,0.015183446288610911
1650.0,0.016465745736981327
1651.0,0.01799247895579574
1652.0,0.019837660827045037
1653.0,0.022087872642947322
1654.0,0.024841376523045147
1655.0,0.028206968156190088
1656.0,0.03229899292719023
1657.0,0.03722363262613051
1658.0,0.04305302163563118
1659.0,0.049788431839238444
1660.0,0.057320410626644815
1661.0,0.06539954710432447
1662.0,0.07363317813326313
1663.0,0.08151866464491056
1664.0,0.08851325090767755
1665.0,0.09412728634969468
1666.0,0.09801696844125404
1667.0,0.10004970283631834
1668.0,0.10032194651967054
1669.0,0.09912419915051622
1670.0,0.09686518453976546
1671.0,0.09398033627390989
1672.0,0.09085321285883365
1673.0,0.08777121662034347
1674.0,0.08492241004705828
1675.0,0.08242478181781188
1676.0,0.08036949253714185
1677.0,0.07885894667517515
1678.0,0.07802808201372445
1679.0,0.07804842825301375
1680.0,0.07912346042751449
1681.0,0.08148656363496228
1682.0,0.08540927143524146
1683.0,0.09122066873579907
1684.0,0.09933370619708481
1685.0,0.11027375322817312
1686.0,0.12470821502629507
1687.0,0.14347876314775188
1688.0,0.167633771815077
1689.0,0.1984450612613266
1690.0,0.2373738521268512
1691.0,0.2859369582638372
1692.0,0.3454299722718234
1693.0,0.4164994954719199
1694.0,0.4986190082614528
1695.0,0.5895942888703548
1696.0,0.6852735689450697
1697.0,0.7796335836987859
1698.0,0.865339284307986
1699.0,0.9347435545677756
1700.0,0.9811437413241212
1701.0,1.0
1702.0,0.9897953729845196
1703.0,0.9522984911436918
1704.0,0.8921549160494752
1705.0,0.8159257855603884
1706.0,0.7308438526019028
1707.0,0.6436149814215393
1708.0,0.5595431208432645
1709.0,0.4821258654122437
1710.0,0.41311066982840955
1711.0,0.3528762215798207
1712.0,0.3009467329714081
1713.0,0.25646440621234506
1714.0,0.2185139834120772
1715.0,0.18627615159138108
1716.0,0.159050268708171
1717.0,0.13621398761660442
1718.0,0.11717938016615269
1719.0,0.10137696096152085
1720.0,0.08826906291687359
1721.0,0.07737571576537497
1722.0,0.06829361388378205
1723.0,0.06069767784210568
1724.0,0.05432687220186046
1725.0,0.048964041475719214
1726.0,0.04442037205312907
1727.0,0.04053001035375198
1728.0,0.03715340803382006
1729.0,0.034183219459331206
1730.0,0.03154613507148345
1731.0,0.029197352930232776
1732.0,0.027109081876610683
1733.0,0.025257840971229236
1734.0,0.023615779214802818
1735.0,0.02214891633558314
1736.0,0.020821624306743204
1737.0,0.019603790730321778
1738.0,0.018476293700312073
1739.0,0.017431845151438922
1740.0,0.016470970150063706
1741.0,0.015595404690505443
1742.0,0.014802297821157892
1743.0,0.014081904705121027
1744.0,0.01341948954909087
1745.0,0.01280001998745573
1746.0,0.012212996887215041
1747.0,0.011654948460057928
1748.0,0.011128501542773018
1749.0,0.01063873740226228
1750.0,0.010188827858391092
1751.0,0.009777142810215021
1752.0,0.009397120576041557
1753.0,0.009039730624714437
1754.0,0.008697096656007269
1755.0,0.008365388480125812
1756.0,0.00804559566480835
1757.0,0.007741943089999028
1758.0,0.0074588881802772535
1759.0,0.007198271872246282
1760.0,0.00695801076006287
1761.0,0.006732865194888486
1762.0,0.0065167617077802695
1763.0,0.006305419134467506
1764.0,0.006097960874185031
1765.0,0.005896779460451599
1766.0,0.0057058256732345145
1767.0,0.0055282584711090444
1768.0,0.005364649033959751
1769.0,0.005212587998619682
1770.0,0.005067805011749968
1771.0,0.004926160288956578
1772.0,0.0047854765328729865
1773.0,0.0046463169833554875
1774.0,0.004511383686405268
1775.0,0.004383906348390535
1776.0,0.004265868097525339
1777.0,0.004156949100034756
1778.0,0.004054669380638317
1779.0,0.003955597547776538
1780.0,0.0038569750376535954
1781.0,0.003757934221392102
1782.0,0.0036597291851598146
1783.0,0.0035649110226561483
1784.0,0.003475899390459676
1785.0,0.003393673054195618
1786.0,0.0033172029950273435
1787.0,0.003243848648277535
1788.0,0.003170443626207214
1789.0,0.0030944602101426874
1790.0,0.003014623345394952
1791.0,0.0029306444173994597
1792.0,0.0028422075882842818
1793.0,0.0027477383424945644
1794.0,0.0026436255022757047
1795.0,0.002524391566728905
1796.0,0.0023838988625045996
1797.0,0.002217228960613785
1798.0,0.0020225775693052312
1799.0,0.001802484301802786
1800.0,0.001563959268026791
